payment_id,user_id,username,app.name,app.id
2532212410396181159,2532207239364608998,Zach-Hill-54,"Venmo for iPhone",1
2532214557846274970,1653195902287872552,Matt-Henry-4,"Venmo for Android",4
2532212410412958709,2532207239364608998,Zach-Hill-54,"Venmo for Android",4
2532212409884475483,2532207239364608998,Zach-Hill-54,"Venmo for iPhone",1
2532246671358690120,2510335403622400053,Tonie-Rice,"Venmo for iPhone",1
2532316728306696586,1877728378748928134,Veronica-Crochet,"Venmo for iPhone",1
2532372822659956742,2471459481976832643,Michael-Rosen-88290,"Venmo for iPhone",1
2532490359288627981,2270061133824000497,QuinnSmith_,"Venmo for iPhone",1
2532496423950222209,2318960049520640062,Robert-Cannon-21,"Venmo for Android",4
2532512312896520288,2532509799677952366,Massy-Blake,"Venmo for iPhone",1
2532513474341241706,2532509799677952366,Massy-Blake,"Venmo for Android",4
2532513844748616516,2532509799677952366,Massy-Blake,"Venmo for Android",4
2532518782182622161,2433017637240832134,Alexa-Raney,"Venmo for iPhone",1
2532530881491370447,2312955383250944838,meeglewong,"Venmo for iPhone",1
2532533146616857065,1334051126378496999,ben-mayne,"Venmo for iPhone",1
2532546029874578027,2271323258617856762,Justin-Quiroga,"Venmo for iPhone",1
2532546463750160401,2271323258617856762,Justin-Quiroga,"Venmo for iPhone",1
2532546826020585817,2271323258617856762,Justin-Quiroga,"Venmo for iPhone",1
2532546787651093288,2271323258617856762,Justin-Quiroga,"Venmo for iPhone",1
2532542642714051125,1827773060481024353,jamalabdi,"Venmo for iPhone",1
2532544521141485669,2181385376759808516,kyramarie92,"Venmo for Android",4
2532555895951327766,2391604446887936657,Tobi-Tella,"Venmo for iPhone",1
2532561557791965196,2485077212659712827,TMWoodson,"Venmo for Android",4
2532551724925714723,2207034090979328176,SarenaHiddleson,"Venmo for iPhone",1
2532563397044600944,2491917375897600095,Auggie-Silva,"Venmo for iPhone",1
2532570285324894569,2323010061074432530,Katherin-Velasquez,"Venmo for iPhone",1
2532560023289069629,1739959442604032478,Jeremy-Struk,"Venmo for iPhone",1
2532565276017296082,1676563678494720947,Lili-Arakaki,"Venmo for iPhone",1
2532573605779210371,2210522082574336941,victoria-Staylifted,"Venmo for Android",4
2532573606433522473,2210522082574336941,victoria-Staylifted,"Venmo for iPhone",1
2532573586644796127,2210522082574336941,victoria-Staylifted,"Venmo for iPhone",1
2532573586460246977,2210522082574336941,victoria-Staylifted,"Venmo for iPhone",1
2532573570194735363,2210522082574336941,victoria-Staylifted,"Venmo for iPhone",1
2532578540562416436,1186982495518720759,allan-agatep,"Venmo for iPhone",1
2532591442124079669,2035238586810368368,JustinFernandez6,"Venmo for iPhone",1
2532598193972052706,2070892569952256153,Julia-Salisbury,"Venmo for iPhone",1
2532598636974440717,2362155894571008456,josebgutierrez,"Venmo for Android",4
2532586878436115110,2517430479880192390,Jeremy-Walter-4,"Venmo for iPhone",1
2532592639941804183,1544445291921408664,chynnakadee,"Venmo for iPhone",1
2532598587456488356,2036370914672640333,lily-Pourahmad,"Venmo for iPhone",1
2532599337934914547,2158905358548992097,Anna-Olson-9,"Venmo for iPhone",1
2532600410183566186,2025247981174784749,jeaaannnee,"Venmo for iPhone",1
2532601991176127129,2320445487448064716,Dezmen-Riley,"Venmo for iPhone",1
2532608444381266811,1501176767971328216,rodney-mathews,"Venmo for iPhone",1
2532602813511369346,2183181881049088513,Tabatha-McCown,"Venmo for iPhone",1
2532608663198106570,2319878753091584156,sweetsaucecam,"Venmo for iPhone",1
2532603237354176984,2258988397756416737,Maclain-Mitchell,"Venmo for iPhone",1
2532603952055189647,2023462860226560049,Kt_Chandra,"Venmo for Android",4
2532597375856279553,2434550621798400421,bizna,"Venmo for Android",4
2532604765464953276,1424062190452736262,justin-theam,"Venmo for iPhone",1
2532615591156515722,1960037660491776854,Erika-Mendoza-9,"Venmo for Android",4
2532610726963446214,1590689825554432673,emarcinkie,"Venmo for iPhone",1
2532615984649339039,2531883095162880839,Katy-Straser,"Venmo for iPhone",1
2532611008300581281,2093066831790080726,OliviaWong21,"Venmo for iPhone",1
2532612290943910396,2531691625185280013,Fatima-Zavala-6,"Venmo for iPhone",1
2532620104294728179,1896127137841152031,Ami-Vu,"Venmo for iPhone",1
2532622111093031647,2138961501749248208,JustinDevera,"Venmo for iPhone",1
2532622097402823040,2138961501749248208,JustinDevera,"Venmo for iPhone",1
2532622573456327676,2283148410880000292,charlottecozza,"Venmo for iPhone",1
2532622438299075265,2481625652789248175,bloodhag,"Venmo for iPhone",1
2532622344178893203,2173327430909952620,Nicole-Conahay,"Venmo for iPhone",1
2532626631864877343,2110645059190784053,shelbym1103,"Venmo for iPhone",1
2532638335667536122,1558238822662144725,staceyjaphta,"Venmo for iPhone",1
2532638261176697706,2451411203784704537,SheWolf94,"Venmo for iPhone",1
2532628875742020298,2413234657165312695,Leticia-Soto-5,"Venmo for Android",4
2532640011459756697,2285768106049536202,Teresa-Riess,"Venmo for iPhone",1
2532639988584022857,2285768106049536202,Teresa-Riess,"Venmo for iPhone",1
2532627232547930642,1786627735158784402,CassidyLPayne,"Venmo for iPhone",1
2532633802715431485,2282833896800256807,Ella-Eggold,"Venmo for iPhone",1
2532634959462531988,2316405416394752419,Vidul-Dasan,"Venmo for iPhone",1
2532642864375006204,2498028166447104755,dntv-r6,"Venmo for Android",4
2532649348634771495,1262589841506304913,thecandyrain,"Venmo for iPhone",1
2532649592894260011,1994721996046336724,FranciscoO,"Venmo for iPhone",1
2532645575522779773,2248101301583872532,sjgassner,"Venmo for iPhone",1
2532637582001438743,2451411203784704537,SheWolf94,"Venmo for iPhone",1
2532638100148978086,1869358091468800644,soultomyair,"Venmo for iPhone",1
2532638036068401910,2205223477051392186,Brenna-Norlander,"Venmo for iPhone",1
2532646743602888868,1896072687386624268,Natassiagonzo,"Venmo for iPhone",1
2532646827304419393,2532642524233729010,Wesley-Simmons-8,"Venmo for iPhone",1
2532651882615144568,2075603226329088191,kaleighnicole73,"Venmo for iPhone",1
2532655660466701007,1689635419848704831,SarahFriedrichs,"Venmo for iPhone",1
2532659686872711549,2332181183594496823,laurenthompson16,"Venmo for iPhone",1
2532660275400671370,2187284975714304103,Andy-Rosales-4,"Venmo for iPhone",1
2532661168082781123,2088090877296640476,Christian-Jofre,"Venmo for iPhone",1
2532662897000054819,1729579018354688397,chriswall32,"Venmo for Android",4
2532662535258112816,2531691625185280013,Fatima-Zavala-6,"Venmo for iPhone",1
2532769318899286343,2053755214233600254,Katie-ORiley-1,"Venmo for iPhone",1
2532786823290159410,1975623845150720329,adwyer3,"Venmo for Android",4
2532795193401278541,2330091480678400129,Ms-Deploy,"Venmo for iPhone",1
2532814024467284668,1452264942206976474,jessica-lester-2,"Venmo for iPhone",1
2532814267384594627,2330091480678400129,Ms-Deploy,"Venmo for Android",4
2532827705146081568,1596664611602432312,Jess-Maas,"Venmo for iPhone",1
2532897191333200462,1760222410440704533,Jonathan-Courtney,"Venmo for Android",4
2532926857335013779,1398960019210240346,johndperone,"Venmo for Android",4
2532943088612016808,1627645225730048918,lakelifetexas,"Venmo for iPhone",1
2532976569190711471,1434155573313536895,Severiano-Mercado,"Venmo for Android",4
2532977070124827631,2441119447121920788,Allen-Ma-5,"Venmo for Android",4
2533016632905696170,1639968241876992470,Sam-Scarfone,"Venmo for Android",4
2533032343443079969,2081472399802368192,Kael10,"Venmo for iPhone",1
2533068350653726955,1781456191881216070,Sabrina-Knott-1,"Venmo for Android",4
2533118068700217484,2330091480678400129,Ms-Deploy,"Venmo for iPhone",1
2533133279385616407,1252903373242368051,abirkc1,"Venmo for Android",4
2533231091855131435,2523801250168832863,Anthony-Parker-59,"Venmo for iPhone",1
2533246773216935941,1922264186486784620,ThuyTruong,"Venmo for iPhone",1
2533250068882916090,2321414271008768790,Jiaqi-Mai-2,"Venmo for iPhone",1
2533263747875602615,1762083255353344022,Watson8,"Venmo for iPhone",1
2533266016096485597,2221606168428544772,miech,"Venmo for iPhone",1
2533267042904047941,2052555131584512036,Sara-Mess,"Venmo for Android",4
2533293630035067422,2301769166094336854,JaylenHills,"Venmo for iPhone",1
2533297371211628588,2254086783107072104,Emma-Scariano,"Venmo for iPhone",1
2533298593725416363,2045356338577408392,AlexSteveGuzman,"Venmo for iPhone",1
2533304908317196807,1623370357538816617,Jaszminromero,"Venmo for iPhone",1
2533303700089209099,2175085079166976440,Arielle-Daskal,"Venmo for iPhone",1
2533305755348500555,2475787206787072404,DouglasZott,"Venmo for iPhone",1
2533307462623167104,2218333017473024724,Parker_Ross_,"Venmo for iPhone",1
2533312795932361184,2396203702550528685,brandoncopes,"Venmo for iPhone",1
2533318344602288276,2083065757171712152,JasonZoldy,"Venmo for iPhone",1
2533317077578547573,2417910081388544927,haileyf,"Venmo for iPhone",1
2533319090659918682,2309024531873792038,Corina-Ortiz-1,"Venmo for iPhone",1
2533320169493627137,2117997908983808170,Charlie-Puente,"Venmo for iPhone",1
2533320637863166672,1801763518676992945,Jesse-Asch-1,"Venmo for iPhone",1
2533320332173902349,2399919621013504118,Manny-Vazquez-9,"Venmo for iPhone",1
2533323376819175771,2420028884385792668,Andres-Puel,"Venmo for Android",4
2533325152779764721,2400710993903616285,Megan-Fuentes-1,"Venmo for iPhone",1
2533326476309168435,2079515949924352284,Austin-Micci,"Venmo for iPhone",1
2533331965772301207,2279987876986880770,Sabrinaelsell,"Venmo for iPhone",1
2533333332544979845,1961094599933952576,HaoYun-Yang,"Venmo for iPhone",1
2533337402655637699,1858527224135680538,Jeff-Smith--58,"Venmo for Android",4
2533337329146266087,2288746489708544685,tannergrant,"Venmo for iPhone",1
2533337524726661717,2319003351515136362,Lily-Courchaine,"Venmo for iPhone",1
2533338786541076850,2258590047928320569,Stacy-Beach-1,"Venmo for Android",4
2533339800564400715,2402056845393920875,George-Sgouroudis,"Venmo for iPhone",1
2533340588321800655,2309919067865088846,nhan29,"Venmo for iPhone",1
2533343313386275468,1859809489977344253,carter_blink,"Venmo for iPhone",1
2533344445798024165,1630777758449664150,Tania-Ramirez-1,"Venmo for iPhone",1
2533345090680652549,1660366350188544987,princessmichll,"Venmo for iPhone",1
2533345627559953296,2153621407924224334,Lathan-Boozer,"Venmo for iPhone",1
2533356325904056386,2293896239382528509,jinsolhee,"Venmo for iPhone",1
2533347421279224573,2076256581451776045,Jaime-Espinoza-4,"Venmo for iPhone",1
2533347619585916981,2168568967856128791,Chia-Chen-Hsu,"Venmo for iPhone",1
2533358654204150630,1684859944697856512,KathyBuri,"Venmo for iPhone",1
2533350785077478255,1725178555924480438,Rashad-Green,"Venmo for iPhone",1
2533350678709928869,1928526726955008849,Daniel-Durbin-3,"Venmo for iPhone",1
2533358768020783535,2067084318081024363,Sabrinamccord,"Venmo for iPhone",1
2533354211060482089,1603269382111232514,Brittany-Bozarth,"Venmo for iPhone",1
2533352664939364899,2475839727861760895,funeralxqueen,"Venmo for iPhone",1
2533359743708168404,1382909558652928389,sarah-holt-4,"Venmo for iPhone",1
2533356464903291831,1882318918647808169,sebigott,"Venmo for iPhone",1
2533357278489215793,2169123077357568500,KiranSuresh,"Venmo for iPhone",1
2533357211472626056,2169123077357568500,KiranSuresh,"Venmo for iPhone",1
2533361938788778573,1761035383996416327,Tyra-Mobley,"Venmo for iPhone",1
2533361789505110957,2374576092741632130,angelina-mcfarlane,"Venmo for iPhone",1
2533362570534846801,1751874990505984778,lefou_,"Venmo for iPhone",1
2533363133603381949,1935155404996608258,tinanhem,"Venmo for iPhone",1
2533363050245784310,1680842262839296039,chizochristine,"Venmo for iPhone",1
2533363605252866733,1478343757135872745,ashley-kuvet,"Venmo for iPhone",1
2533364056786469413,1883033284116480376,Paige-Wesolowski,"Venmo for iPhone",1
2533364311623992080,2359658262036480664,ccampis15,"Venmo for iPhone",1
2533364971002135400,2359658262036480664,ccampis15,"Venmo for iPhone",1
2533366881599881679,1424642271084544289,Lindsay-Nunnery,"Venmo for iPhone",1
2533374349298107017,1766072072011776190,Stefsantoro,"Venmo for iPhone",1
2533388170746134656,2040282665189376963,marytalley,"Venmo for iPhone",1
2533381120792199996,2238866383699968986,laaacey,"Venmo for iPhone",1
2533369153494975174,1287122090721280820,alexis-alvarez,"Venmo for iPhone",1
2533374500603429098,1348831895617536535,nestor-ibanez,"Venmo for iPhone",1
2533374740224017206,1821776229171200243,kyuopta,"Venmo for iPhone",1
2533381930116710911,1461717829681152205,Christypedraza,"Venmo for iPhone",1
2533389712488399303,2449692151513088700,Cira-Applefield,"Venmo for iPhone",1
2533375035922448837,2251220118929408025,Will-Larocque,"Venmo for Android",4
2533375270367265764,2141185388838912562,CollegeStudent32,"Venmo for Android",4
2533375962293207154,2037956781015040648,Mitchell_Anderson,"Venmo for iPhone",1
2533390746510164486,2067084318081024363,Sabrinamccord,"Venmo for iPhone",1
2533390680684757133,1802532535926784032,Amy-Gordon9,"Venmo for iPhone",1
2533376988362571975,2530848083542016431,Martin-Ramirez-66,"Venmo for iPhone",1
2533383968078692358,1874401674919936457,Pawl-Eidenmiller,"Venmo for iPhone",1
2533383917688324490,1639272717221888715,Rence77,"Venmo for iPhone",1
2533392681317433544,1545997905821696045,kyler-mcclary,"Venmo for iPhone",1
2533394161260823229,2476439865655296880,Vito-Cavallaro,"Venmo for iPhone",1
2533398038886482280,2105563450179584152,itssangtime,"Venmo for iPhone",1
2533400915164004872,2513134220738560983,Federico-Arroyo,"Venmo for Android",4
2533402109131358820,1728731206909952172,Vivalarox,"Venmo for iPhone",1
2533402067825852882,2286619105165312522,ViveckDhanwani,"Venmo for iPhone",1
2533403064761581571,1711050638491648881,ciaee,"Venmo for iPhone",1
2533403630774518427,2024774310035456606,elizabigham,"Venmo for iPhone",1
2533403900837364593,2034357296431104903,Maliyah-Lewis,"Venmo for iPhone",1
2533409131981701500,2145218153414656729,Conor-McCann-7,"Venmo for iPhone",1
2533411390664737444,2121505110491136981,Kamryn_Smith,"Venmo for iPhone",1
2533417479678460086,2030628476289024731,Abby-VandeVen,"Venmo for iPhone",1
2533413059989340951,2173308422324224493,Teresa-Bocalan,"Venmo for iPhone",1
2533426569909633676,2050244900552704297,Chad-Moore-27,"Venmo for iPhone",1
2533426570245178174,2245326282948608381,Axel-Rose-1,"Venmo for iPhone",1
2533424439043818255,1600226238398464839,Margallo,"Venmo for iPhone",1
2533432654519337769,2177856054493185009,phil-landry,"Venmo for iPhone",1
2533430245881545377,2521501697835008304,Tommie-Sexton,"Venmo for iPhone",1
2533433810964447564,2334397118283776044,Kyle-Stonestreet,"Venmo for Android",4
2533434442165256556,2400205546717184548,ScruggsLandscape,"Venmo for iPhone",1
2533438051162522088,2470011465629696776,Brandice-Graham-1,"Venmo for iPhone",1
2533434731396071987,2315063708876800457,marylynnelarson,"Venmo for iPhone",1
2533438234025787591,2358867082084352752,CodyOConnell22,"Venmo for Android",4
2533439780541170225,2093834339090433021,Karen-Curtis-4,"Venmo for iPhone",1
2533440051837141595,1462675171180544671,maddie-martin-1,"Venmo for iPhone",1
2533430377322643770,2531699434979328527,terrence-kinn,"Venmo for iPhone",1
2533440355513139385,2441060777197568865,Isaac-Garza-51618,"Venmo for iPhone",1
2533437520708895603,1660463540600832634,Wesley-Cannell,"Venmo for iPhone",1
2533445660972155897,2123595115397120606,Sean-Luhmann,"Venmo for Android",4
2533443030287909340,2244010462674944913,Ralph-Tayyar,"Venmo for iPhone",1
2533447372525011111,2330952244133889005,Maddie-Imperatore,"Venmo for iPhone",1
2533448760546034007,2531280625336320223,Marco-Banegas-Flores,"Venmo for iPhone",1
2533448965530059308,1433616269705216718,greg-winter,"Venmo for iPhone",1
2533454004935983805,2096618627137536484,Kailey-Kierys,"Venmo for iPhone",1
2533451183536734373,2075629348454400534,Nikkai-Mills,"Venmo for iPhone",1
2533451728259383596,2137337039421440504,Aaron-Peterson-25,"Venmo for Android",4
2533457114500694882,2454630877364224672,Taqqee-Khabir,"Venmo for iPhone",1
2533451966512628239,2025780859109376063,Konstandena-Brown,"Venmo for iPhone",1
2533453952238748107,2299049654878208546,rileyolson867,"Venmo for iPhone",1
2533456336574742753,2422255833317376245,galen_Mobile,"Venmo for iPhone",1
2533456769351418470,2218478299774976620,Jason-Simpson-15,"Venmo for iPhone",1
2533464110826259236,1631306098147328785,Brieann-Ecker,"Venmo for iPhone",1
2533460342680322409,1838107766816768380,mollyburow,"Venmo for iPhone",1
2533460830259774023,2189274904526848704,Ella-Davies,"Venmo for Android",4
2533466651492352048,2410330076479488266,John-Stukas,"Venmo for Android",4
2533461584261415625,1997892747264000381,Megan-Barlow-5,"Venmo for Android",4
2533463415326769959,2029385771122688021,Gina-McNellis,"Venmo for iPhone",1
2533470977623327459,2062538858561536618,Alli-McKenna,"Venmo for iPhone",1
2533468440639832767,2412088739758080329,Allison-Tuthill,"Venmo for iPhone",1
2533478318687126501,2416750306000896069,Fanny-Arribas,"Venmo for iPhone",1
2533481885875569639,2243232679329792433,katymiceli,"Venmo for iPhone",1
2533482914763506597,2393205538553856544,Joshua-Watters-2,"Venmo for iPhone",1
2533485458961204167,2530147458613248115,Sunny-Chinxs,"Venmo for iPhone",1
2533491003310998416,1723607931682816526,stefaniereyes,"Venmo for iPhone",1
2533489983432425567,2309294309507073015,Gracie-Guidotti,"Venmo for iPhone",1
2533493804544033474,2018179287089152459,Lyla-McCurdy,"Venmo for Android",4
2533509253734334619,2290874394345472774,Mrstarks84,"Venmo for iPhone",1
2533515079228326610,2239589817253888827,nicole-verbits,"Venmo for iPhone",1
2533518891783553863,2057648753082368536,Bailey-Willett-12,"Venmo for iPhone",1
2533520149537882299,2507064844746752797,CarmenRusso22,"Venmo for Android",4
2533530536849178699,1998314803298304964,Tiffany-Nguyen-65,"Venmo for Android",4
2533531289902908209,1679320678400001013,Sandra-DiBitetto,"Venmo for iPhone",1
2533539919205237344,2338000813948928471,Craig-Sochocki,"Venmo for iPhone",1
2533555641235014078,1834849648246785010,EDJonesy,"Venmo for Android",4
2533625066093019511,2086775048634368281,eileen-grench,"Venmo for Android",4
2533632154173178638,2032083941720064815,Luke-Werrline,"Venmo for Android",4
2533633938010669892,1546372004184064280,walter-yarborough,"Venmo for iPhone",1
2533640279110451848,2533637085986816943,Riah-Donaldson,"Venmo for iPhone",1
2533694026549297960,1987031882268672295,chloe2796,"Venmo for iPhone",1
2533712012999917608,2179968691863552852,JenniferLawson3,"Venmo for iPhone",1
2533719118150894550,1667571610812416976,Hristina-Deligjorgjieva,"Venmo for iPhone",1
2533762977065075072,1722335832834048482,Tate-Nelson-1,"Venmo for Android",4
2533939826512626209,2107534328463360293,Summer-Fullwood,"Venmo for iPhone",1
2533986916978655377,1414686654332928013,maral-shalumova,"Venmo for Android",4
2534004364939363087,2307610137067520630,Lilah-Anderson,"Venmo for iPhone",1
2534006635290952603,1147070899552256916,frank-colleluori,"Venmo for iPhone",1
2534038535598506364,2493465644498944735,DenverP55,"Venmo for iPhone",1
2534039049753067837,1533049963544576038,joshua-trinidad-1,"Venmo for iPhone",1
2534041326412890656,2024133269389312245,Katie-Kat-3,"Venmo for iPhone",1
2534041537780646906,2283823098232832224,jholt1024,"Venmo for iPhone",1
2534043108866261223,2382217703587840032,inncentbystander,"Venmo for iPhone",1
2534052414181343555,2341854917951488023,Alex-Cortes-9,"Venmo for Android",4
2534046079708562101,1991624376713216767,samanthahseo,"Venmo for iPhone",1
2534046347305157376,2177836978798592231,Anjalee-Sadhwani,"Venmo for iPhone",1
2534046668874056281,1342901778907136357,khoi-duong,"Venmo for Android",4
2534055698388484124,2390435032989696133,connorglenn25,"Venmo for iPhone",1
2534050170639745847,2249407500124160890,thesiegster,"Venmo for iPhone",1
2534062275166208622,2362855412203520794,Ruben-Perez-69,"Venmo for iPhone",1
2534054995658015149,1391998825136128676,gavin-winter,"Venmo for Android",4
2534062816743129676,1974254631387136939,Summer-Bradshaw-1,"Venmo for iPhone",1
2534063305538929212,2179480483266560853,Omar-Garcia-97,"Venmo for iPhone",1
2534054942457463271,2047287639408640082,Genesis-Buduan,"Venmo for iPhone",1
2534058046124982681,2128815899803648674,Tyler-Griffith-14,"Venmo for Android",4
2534065289100788058,1565065505406976823,austinfong,"Venmo for iPhone",1
2534065573306826893,1978178386001920256,alexisnhutran,"Venmo for Android",4
2534067077442962291,1646522965950464183,Jessica-Murry-1,"Venmo for iPhone",1
2534067317709472101,1970803180568576197,quoiagrace25,"Venmo for Android",4
2534069139455083243,2160784113139712115,a13x711,"Venmo for Android",4
2534069308158378483,1896550989037568249,amandaashermann,"Venmo for iPhone",1
2534069805820936255,1617881238339584927,Jack-McNair,"Venmo for iPhone",1
2534071663578841999,2176537163988992575,Jesse-Borrayo,"Venmo for iPhone",1
2534074326433399537,1875691415011328946,rosas_cris,"Venmo for Android",4
2534075371628790093,1778438331432960490,biancaposada,"Venmo for iPhone",1
2534083439607415518,1603675801780224223,Roger-Chapa,"Venmo for iPhone",1
2534074379575230791,2018635795136512113,Megan-Macias-2,"Venmo for iPhone",1
2534083953829085994,2160996823072768514,Anahi-Cortes,"Venmo for iPhone",1
2534078728212840522,2240804538023936744,Brianna-Simmons-8,"Venmo for iPhone",1
2534085234148770680,1604686092173312360,EhisOsifo,"Venmo for iPhone",1
2534078211835298141,2169729137508352981,Jason-Oelke,"Venmo for Android",4
2534083196857877279,1938554720616448103,Mallory-Littleton,"Venmo for iPhone",1
2534090055442498461,2271202420719616968,Tilly-Stillson,"Venmo for iPhone",1
2534090279980368233,2328789702934528440,Ty-Thach,"Venmo for Android",4
2534090867233260350,2145402367246336389,mpickering34,"Venmo for iPhone",1
2534091572429980141,2156752548134912808,KatherineOConnell,"Venmo for iPhone",1
2534094469989401395,1821261009256448446,Christopher-Gilbert-1,"Venmo for Android",4
2534103518160094009,1556661772746752377,George-Geng,"Venmo for Android",4
2534104312259281566,2190427516043264553,emmymjacobs,"Venmo for iPhone",1
2534103348424999337,1556661772746752377,George-Geng,"Venmo for Android",4
2534103206674301100,1556661772746752377,George-Geng,"Venmo for Android",4
2534103478012215948,1556661772746752377,George-Geng,"Venmo for Android",4
2534105969848221774,2389043874627584768,kelseydobbs_,"Venmo for iPhone",1
2534110420122206237,2018515200507904908,Nicole-Castro-12,"Venmo for Android",4
2534115941940200316,1641385765634048792,kobykopel,"Venmo for Android",4
2534106020028875187,2389043874627584768,kelseydobbs_,"Venmo for iPhone",1
2534100393110012774,2381751196319744783,KennyyLee,"Venmo for iPhone",1
2534103271568572506,1556661772746752377,George-Geng,"Venmo for Android",4
2534110526187765973,1700995524460544635,Nisha-Srinivasan,"Venmo for iPhone",1
2534106471143047894,2283072527532032630,Jonathan-Dmitruk,"Venmo for iPhone",1
2534115840454820625,1898913808252928963,gabsjudge,"Venmo for iPhone",1
2534112911085797944,1899084524814336246,fanmonx,"Venmo for iPhone",1
2534115081243853350,2461951934332928498,AnnikaSkigen,"Venmo for iPhone",1
2534115938056274160,2288743914405888607,Haley-Keller-8,"Venmo for iPhone",1
2534117439046680911,2202895135014912341,Megan4770Smith,"Venmo for Android",4
2534123782361055645,1312098013413376577,richie17,"Venmo for iPhone",1
2534124226202304909,1814842289684481013,Raquel-Labastida,"Venmo for iPhone",1
2534125387160486886,2392249883164672916,Ivan-Vlz,"Venmo for iPhone",1
2534129090680586567,2500201495396352657,Ausencio-Flores,"Venmo for Android",4
2534129336827511176,1833748358234112393,Andrew-Ksendzoff,"Venmo for Android",4
2534130132201767805,2154968526094336513,robertlowrie32,"Venmo for Android",4
2534132882557894932,1987670733488128075,Guillermo-Fernandez-2,"Venmo for iPhone",1
2534132882557894932,1846031226503168682,Michael-Scappechio,"Venmo for iPhone",1
2534130569936110561,1855213212270592123,Tyler-OBrien-11,"Venmo for iPhone",1
2534132781114458327,1846031226503168682,Michael-Scappechio,"Venmo for iPhone",1
2534139435805573881,2021483501060096117,Emily-Marsala,"Venmo for iPhone",1
2534144504798118159,1878541905952768646,Rebekah-Mosley,"Venmo for iPhone",1
2534155895621813189,2304545208139776688,Tianshu-Yang-1,"Venmo for iPhone",1
2534156927529648174,2064847252488192160,sadiegregory12,"Venmo for iPhone",1
2534159119011545287,1653804638404608954,AzizaDarwish,"Venmo for iPhone",1
2534160135350124729,1947472884662272553,Imaris-Vera,"Venmo for iPhone",1
2534162236008562845,2527032567136256852,chstrom,"Venmo for Android",4
2534162155939299732,2256232035385345022,sabrinapope,"Venmo for iPhone",1
2534163746796864501,2438039510974464911,KenAlexandreMeridi,"Venmo for iPhone",1
2534163674789052559,2374599673118720219,Kelvin-Lopez-7,"Venmo for iPhone",1
2534163712437125896,1949367242063872589,Andrew-Hudock,"Venmo for iPhone",1
2534165185065649039,2111901152575488442,elyssajohnson,"Venmo for iPhone",1
2534168521709978064,2415764401291264400,Tayloralexandra02,"Venmo for iPhone",1
2534170022322897831,1571237541183488884,kat_gunderson,"Venmo for iPhone",1
2534170249134080673,2288946314739712102,Andrew-Orme-1,"Venmo for iPhone",1
2534172560287858898,2504035399630848227,Olivia-Sproule,"Venmo for iPhone",1
2534176418477113973,1761846554001408126,Barbara-Griffin,"Venmo for iPhone",1
2534181494759359264,1634393097502720165,Jrind,"Venmo for iPhone",1
2534181738515529825,2037330982469632567,Lizt-Brathwaite,"Venmo for iPhone",1
2534189572091281463,1866877169041408720,Adrienne-Ceneviva,"Venmo for iPhone",1
2534188544277086600,2517277597499392795,Cbruggeman21,"Venmo for Android",4
2534188851157532954,2038189011238912860,beck1sj,"Venmo for iPhone",1
2534192096030491318,1338074856423425020,gabby-hickey,"Venmo for iPhone",1
2534188713240428772,2324775653343232562,Rebecca-Karwacki,"Venmo for iPhone",1
2534190184602271933,2279189130510336138,Alexandra-Briley,"Venmo for iPhone",1
2534190314835411534,2534187487723520284,Kyle-Gibson-60,"Venmo for iPhone",1
2534202770987156238,1600211289899008400,Baylee-Edwards,"Venmo for iPhone",1
2534203033936462089,1695822882275328584,Rikki-Silvester,"Venmo for iPhone",1
2534203317874066100,2076392535621632443,Evalissia,"Venmo for iPhone",1
2534206382492614782,1274136911413248671,mike-villegas,"Venmo for iPhone",1
2534206620737470914,2493914409861120170,Angela-Carlone-1,"Venmo for iPhone",1
2534208080682419153,2047552232882176614,BlessBlessItsJess,"Venmo for iPhone",1
2534209857112768902,2534197545664512935,Linnea-Murphy,"Venmo for iPhone",1
2534203799044620792,2155445519122432362,Rachel-Rhiver,"Venmo for iPhone",1
2534211155409240132,2122127301935104201,tripleddev,"Venmo for iPhone",1
2534213146613121878,2454628587274240956,MlSSDAYTONA,"Venmo for iPhone",1
2534215174500385600,2293619323043840255,Michael-Hayduk32,"Venmo for iPhone",1
2534222794737058250,1411086137950208992,jackie-swisshelm,"Venmo for iPhone",1
2534223097456755087,2154009448153088886,krissykauffman,"Venmo for iPhone",1
2534234439760740714,1718297573720064795,johncoviello,"Venmo for Android",4
2534246376716370426,2346872136007680001,mstorunranchandwinery,"Venmo for iPhone",1
2534260817570824658,2495960039030784922,Ethan-Smith-133,"Venmo for iPhone",1
2534302873051726010,2456796220358656594,DarciaThomas,"Venmo for Android",4
2534400946968985611,2076954505248768128,davisdta,"Venmo for Android",4
2534467362967519280,2379321394069504268,billypyhel,"Venmo for iPhone",1
2534477491163103367,2119144581365760430,MichaelNavarro,"Venmo for iPhone",1
2534480024262672474,2530637202325504134,Owen_Ray,"Venmo for iPhone",1
2534520851072549368,2007388257255424797,HuggyBear-McNiff,"Venmo for iPhone",1
2534663522629976858,2362180464803840768,ayacocoyorihiro,"Venmo for iPhone",1
2534683003276231164,2043033692405760450,AngelicaThomas,"Venmo for iPhone",1
2534687315230458607,2524370752765952390,Michael-Kassem-1,"Venmo for iPhone",1
2534683464288960787,2367129366036480063,Jose-Vasquez-121,"Venmo for iPhone",1
2534688340125418016,1814266428522496512,lildipp,"Venmo for Android",4
2534696939253924019,1995439498854401005,Dan-Sidesky,"Venmo for iPhone",1
2534697182817157643,2470454744842241018,Iza-Leslie,"Venmo for Android",4
2534697182724882545,2470454744842241018,Iza-Leslie,"Venmo for iPhone",1
2534697922096792419,2133854626250752388,Jim-Zhao-1,"Venmo for iPhone",1
2534705037230211900,2040968442281984482,Bsatran,"Venmo for iPhone",1
2534697183018483768,2470454744842241018,Iza-Leslie,"Venmo for iPhone",1
2534697662721032752,2187914658185216036,nicoleli,"Venmo for iPhone",1
2534705021711286954,2060570463305729005,HunterLira,"Venmo for Android",4
2534704555430511164,1926141937975296542,EbehiIyoha,"Venmo for iPhone",1
2534709310856889129,2504903712833536376,wrx414q,"Venmo for Android",4
2534710841006097212,2373574249676800798,Jane-Thornton-6,"Venmo for iPhone",1
2534711559876248443,2115092640432128934,robertoloya,"Venmo for Android",4
2534709796481795061,2148796926525440516,ieezy,"Venmo for Android",4
2534713384901804231,1889406612930560468,Misty-Auld,"Venmo for Android",4
2534717949512516578,2011286862823424824,Andrew-Excinia,"Venmo for iPhone",1
2534720191703548316,2119156468023296264,chloee_nicole_,"Venmo for iPhone",1
2534718095012921597,2085092923015168341,jobada,"Venmo for iPhone",1
2534719932763996212,1978644280901632729,paige_josserand,"Venmo for iPhone",1
2534721997703741457,1762747624718336037,MiaStrazzella,"Venmo for iPhone",1
2534722180105634377,1495040643825664867,ju-mcgu,"Venmo for iPhone",1
2534730337724923957,1378478033207296957,nguyenjn421,"Venmo for iPhone",1
2534722713746932335,2192582532661248597,Meera-Kanakia,"Venmo for iPhone",1
2534727014175212357,2309221127290880124,Cat-Richardson-1,"Venmo for iPhone",1
2534731729243996769,2301724664528896144,Avianna-Fuentes,"Venmo for iPhone",1
2534734761943892851,2211300545396736108,Anna-Gasiorowski,"Venmo for iPhone",1
2534733829189402679,2277234064752640633,spencerklawans,"Venmo for iPhone",1
2534729482590224516,2424162488418304494,Kimberly-DeWitz,"Venmo for iPhone",1
2534734980374855935,1835086810972161023,taneshanicole13,"Venmo for iPhone",1
2534735592298643657,1352408512856064200,brittanyfactura,"Venmo for iPhone",1
2534736851504201996,2372832445071360818,JasonRea21,"Venmo for iPhone",1
2534737575013253583,2521487193931776536,Dominic-Silvestri-4,"Venmo for iPhone",1
2534740147707052592,2349828877058048025,Kortney-Babineau,"Venmo for iPhone",1
2534741617735107158,2351830449258496856,bellabeautyds,"Venmo for iPhone",1
2534744744873952056,2532272746004480995,Temuujin-Atarbayar,"Venmo for iPhone",1
2534738848370393548,2033233474617344701,Barnett-Vue,"Venmo for iPhone",1
2534745929546727706,1719865446498304421,Michael-Bundy,"Venmo for iPhone",1
2534751432641348515,1968998488997888008,Ali-Cesur,"Venmo for iPhone",1
2534746538870046833,2433864911814656507,Sarah-Landwehr,"Venmo for Android",4
2534747650159280909,1857741043793920826,compiler-errors,"Venmo for Android",4
2534747968062357676,2320596264288256017,KathrynKuby,"Venmo for Android",4
2534748376478515580,1505395608649728436,kmoon,"Venmo for iPhone",1
2534749651513377667,2512315266105344816,Fidel-Lucero-3,"Venmo for iPhone",1
2534746464588923526,2310756259332096301,Emily-Rosales-4,"Venmo for iPhone",1
2534754851888300158,1776490345660416275,Marcus-Vusovich,"Venmo for iPhone",1
2534755326280860629,2158403862396928240,Matti-Hrbek,"Venmo for iPhone",1
2534751932879208572,2529316642488320617,sudhrit,"Venmo for Android",4
2534756381307700132,2444556175933440591,Gage-Trivino,"Venmo for iPhone",1
2534756245210923240,1584209726537728187,Keisha-Berglund,"Venmo for iPhone",1
2534754061673038564,2118731811520512960,alaina_gin,"Venmo for iPhone",1
2534754239427641345,1807527691943936029,its_justindiaz,"Venmo for iPhone",1
2534757999914778842,1959017412820992082,juun_kin,"Venmo for Android",4
2534758004159414686,1846093579026432080,jramos2519,"Venmo for iPhone",1
2534757989714231373,2453568753762304185,Aruiz562,"Venmo for Android",4
2534757293216498425,1942217379807232346,Tianqi-Wen,"Venmo for iPhone",1
2534759385536659716,2342423992729600220,Brandon-Charbonneau,"Venmo for iPhone",1
2534760585485090844,1919416673501184658,Gilbert-Castillo-2,"Venmo for iPhone",1
2534761335653138567,1681021418340352657,nsingh247365,"Venmo for iPhone",1
2534761616528900594,2068634180517888009,jessicaj1218,"Venmo for iPhone",1
2534761794107343634,2364285225271296128,Harlink,"Venmo for Android",4
2534764410195411677,2531433860038656955,OliviaLuvss,"Venmo for iPhone",1
2534764917068660903,2259279532785664802,claireturner00,"Venmo for iPhone",1
2534765150817222992,2431084021153792417,JonathanJackson0530,"Venmo for iPhone",1
2534765699599958753,2203555368796160364,ADubbaneh,"Venmo for iPhone",1
2534765631836783467,2211327959367680290,infamoussingh,"Venmo for iPhone",1
2534767296690257927,2284538218676224474,Jessica-Baldwin-26,"Venmo for iPhone",1
2534767124606353516,2076200142897152835,kassdunne,"Venmo for iPhone",1
2534768144350708708,1344013428850688121,dianaconda,"Venmo for iPhone",1
2534770920795406780,2178740423491584539,jayzlemay,"Venmo for iPhone",1
2534768964362306270,1550204910174208753,mishemay,"Venmo for iPhone",1
2534772715940741462,2369855210651648674,Kennedy-Call,"Venmo for iPhone",1
2534770140126380891,1880106112909312087,ChandlarVandersteen,"Venmo for iPhone",1
2534775828818952738,2180519596916736922,Nate-Smith-81,"Venmo for iPhone",1
2534774031408694034,2070758561939456009,psirene,"Venmo for iPhone",1
2534776824219566392,2283665065246720111,Blake-Johnson-112,"Venmo for iPhone",1
2534776322656305877,2531433860038656955,OliviaLuvss,"Venmo for Android",4
2534776446455382654,2531433860038656955,OliviaLuvss,"Venmo for iPhone",1
2534778174231806745,2028385857437696328,Brian-Carrera-1,"Venmo for Android",4
2534773283161637701,1533749615394816703,Joshua-Lim-5,"Venmo for iPhone",1
2534777341696016996,2398024022097920074,Callijean13,"Venmo for iPhone",1
2534779069858317133,2508304437739520778,Kady-Bishop-1,"Venmo for iPhone",1
2534779045506188065,2508304437739520778,Kady-Bishop-1,"Venmo for iPhone",1
2534779400453357841,1604415744114688446,BetsyBellard,"Venmo for iPhone",1
2534779535224733905,2508304437739520778,Kady-Bishop-1,"Venmo for iPhone",1
2534779529419817539,2508304437739520778,Kady-Bishop-1,"Venmo for iPhone",1
2534773464481399689,2420821809168384463,The-Dads,"Venmo for Android",4
2534779062551839455,2508304437739520778,Kady-Bishop-1,"Venmo for iPhone",1
2534779042712781562,2508304437739520778,Kady-Bishop-1,"Venmo for iPhone",1
2534779546859733580,2508304437739520778,Kady-Bishop-1,"Venmo for iPhone",1
2534780008702935735,2508304437739520778,Kady-Bishop-1,"Venmo for iPhone",1
2534782865946706064,2223668490928128259,Nallely-Avila,"Venmo for iPhone",1
2534786594943008790,1804161880424448759,Nazlie-Mojiri,"Venmo for iPhone",1
2534789081871679772,2380258342862848344,Marcello-Castelli,"Venmo for iPhone",1
2534786606879998632,1804161880424448759,Nazlie-Mojiri,"Venmo for iPhone",1
2534788514860499803,1225523191611392670,tyler-boone,"Venmo for iPhone",1
2534789299220513163,2380258342862848344,Marcello-Castelli,"Venmo for iPhone",1
2534789923324559474,1607116833947648506,puaalpham,"Venmo for iPhone",1
2534786617902629295,1804161880424448759,Nazlie-Mojiri,"Venmo for iPhone",1
2534792339394658644,2023462860226560049,Kt_Chandra,"Venmo for Android",4
2534795480089493642,2077104652943360137,MrRoach9,"Venmo for iPhone",1
2534795798621716652,2388378448297984904,Emily-Tuverson,"Venmo for iPhone",1
2534797516944180010,2456649855926272575,Eduardo-Pozo,"Venmo for iPhone",1
2534797507196616951,2456649855926272575,Eduardo-Pozo,"Venmo for iPhone",1
2534797477811323024,2456649855926272575,Eduardo-Pozo,"Venmo for iPhone",1
2534799404204818956,1342967444930560415,robert-ballinger,"Venmo for Android",4
2534799427743253178,1342967444930560415,robert-ballinger,"Venmo for iPhone",1
2534800263223444235,2531050567761920018,Ben-Schneider-44,"Venmo for Android",4
2534800613749817567,1342967444930560415,robert-ballinger,"Venmo for iPhone",1
2534800582133154769,1342967444930560415,robert-ballinger,"Venmo for Android",4
2534800550935920788,1342967444930560415,robert-ballinger,"Venmo for Android",4
2534800609211581369,1342967444930560415,robert-ballinger,"Venmo for iPhone",1
2534800538688553227,1342967444930560415,robert-ballinger,"Venmo for iPhone",1
2534800537547702894,1342967444930560415,robert-ballinger,"Venmo for iPhone",1
2534800554861789297,1342967444930560415,robert-ballinger,"Venmo for iPhone",1
2534800528311844951,1342967444930560415,robert-ballinger,"Venmo for iPhone",1
2534800530652266737,1342967444930560415,robert-ballinger,"Venmo for iPhone",1
2534800568023515751,1342967444930560415,robert-ballinger,"Venmo for iPhone",1
2534802598939066474,2216245873082368583,Kirk-Washington-1,"Venmo for iPhone",1
2534802561064501715,2216245873082368583,Kirk-Washington-1,"Venmo for iPhone",1
2534802683185857484,2216245873082368583,Kirk-Washington-1,"Venmo for iPhone",1
2534803234250293771,2389630489985024243,CassieNeal25,"Venmo for iPhone",1
2534803199236243784,2389630489985024243,CassieNeal25,"Venmo for Android",4
2534803239820329122,2389630489985024243,CassieNeal25,"Venmo for iPhone",1
2534804941994721999,2512056989253632624,hebdersons-9,"Venmo for iPhone",1
2534805379846504603,2059762556469248635,milesisidro,"Venmo for iPhone",1
2534805620423394004,2039667176243200843,Stori-Freelund,"Venmo for iPhone",1
2534805598260691305,2039667176243200843,Stori-Freelund,"Venmo for iPhone",1
2534805886828806976,2192479814156288022,mitchellbeth1998,"Venmo for iPhone",1
2534805968651288993,1699929391104000060,xandel434,"Venmo for iPhone",1
2534811196079472808,1102121852207104844,brittany-wood,"Venmo for iPhone",1
2534812601590743105,2060691762577408993,david_weaverling,"Venmo for iPhone",1
2534815114037559477,1688794310901760160,GoGoLuca,"Venmo for iPhone",1
2534818769516102082,1842915856875520265,SabrinaShah,"Venmo for iPhone",1
2534821650851954877,2379148311920640794,Alfie-Binns,"Venmo for iPhone",1
2534809564168061035,2072118992830464911,James-sdrales,"Venmo for iPhone",1
2534809546493264498,2072118992830464911,James-sdrales,"Venmo for Android",4
2534810695371850107,1351633430642688303,NuoYee,"Venmo for iPhone",1
2534812989328982684,1381486590689280797,sean-glass-1,"Venmo for iPhone",1
2534817300058473337,1987908013654016066,Alanna-Somers,"Venmo for iPhone",1
2534813867591074502,1597947280097280083,Dion-Thomas,"Venmo for Android",4
2534821651783090888,2379148311920640794,Alfie-Binns,"Venmo for iPhone",1
2534821852304376074,2379148311920640794,Alfie-Binns,"Venmo for iPhone",1
2534822801013998551,2218340533665792711,Carlos-Andre,"Venmo for iPhone",1
2534826452306624589,2346173943775232654,Jailan-Wilson,"Venmo for iPhone",1
2534826443825741922,2345850671988736384,AustinWilliams1124,"Venmo for iPhone",1
2534821917550969129,2379148311920640794,Alfie-Binns,"Venmo for iPhone",1
2534822392505565414,2534742184427520328,LilMamaCakes,"Venmo for iPhone",1
2534830786700378289,2277824983465984529,Barbara-Adamo,"Venmo for iPhone",1
2534826357322416808,2345850671988736384,AustinWilliams1124,"Venmo for iPhone",1
2534835074294088410,1970372408770560219,ankafi,"Venmo for iPhone",1
2534834970527007484,1970372408770560219,ankafi,"Venmo for iPhone",1
2534834967515497294,1970372408770560219,ankafi,"Venmo for Android",4
2534849451839717554,2312652999098368948,Jhona-Cardano,"Venmo for iPhone",1
2534850503385285408,2126989901168640665,astarr87,"Venmo for iPhone",1
2534850730213245626,2534522914603008804,Sam-Mae-1,"Venmo for iPhone",1
2534852200350352231,1853326169735168947,Zachary-Roland,"Venmo for Android",4
2534860566267166873,2051241760784384142,Dan-Housel,"Venmo for Android",4
2534862271201411073,2184565397389312985,Patrick-George-9,"Venmo for Android",4
2534863190550905059,1849694691000320652,Sam-Arslanian,"Venmo for iPhone",1
2534863150931509309,2287133167452160063,HarleyWedholm,"Venmo for iPhone",1
2534865702225969662,1898785881980928613,Chris-Butters-1,"Venmo for iPhone",1
2534866715502706810,2220565989425152092,LaurenMoraco,"Venmo for iPhone",1
2534871197594681387,2369729666744320868,Danisabando,"Venmo for iPhone",1
2534872671993200827,2253677167378432263,Austin-Connell-95,"Venmo for iPhone",1
2534874192050913792,1987436582273024018,Cami-Plummer,"Venmo for iPhone",1
2534875280523133314,2011045606457344471,Collin-Moran,"Venmo for iPhone",1
2534875755435786258,2347298856108032050,Janis-Dean-1,"Venmo for iPhone",1
2534876553687335325,2162201318129664518,Joel-Sanchez-09,"Venmo for iPhone",1
2534880824084398733,1693697552941056008,Amy_Leder,"Venmo for iPhone",1
2534882205394535036,1909605080760320063,megannelliss,"Venmo for iPhone",1
2534889710304625180,2534590132518912089,Imanifernandez,"Venmo for iPhone",1
2534891514719371415,1667428190781440105,Nick-George-20,"Venmo for Android",4
2534889003094639596,2534888347533312077,Christaldo-Clerveau,"Venmo for iPhone",1
2534892804560126662,1926471702544384073,Hailey-Green-2,"Venmo for iPhone",1
2534894044983591235,1570388580499456657,Danielle-DeOliveira,"Venmo for Android",4
2534895025410539949,2003257077530624907,Abby-Jacobson-1,"Venmo for Android",4
2534900639075402489,1907417776390144721,Kelsey-Rose-8,"Venmo for iPhone",1
2534902387454247137,1811556044111872137,Destiny-Marquez-3,"Venmo for iPhone",1
2534902660360831296,2256009041018880309,Ethan-Hight,"Venmo for iPhone",1
2534904892250653239,1934495120883712735,bigmack,"Venmo for iPhone",1
2534911317874049065,1784259530457088324,DominicFrance,"Venmo for Android",4
2534912088283808651,2483848600354816358,Taylor-Heue,"Venmo for iPhone",1
2534915327418957915,1922966514302976033,sam_armon,"Venmo for iPhone",1
2534918136092688925,2168539582562304032,Shu-Min-Yang,"Venmo for Android",4
2534918673542414967,2257631817236480441,Christian-Jarvis-333,"Venmo for Android",4
2534926478437516221,2028561951096832032,Samantha-Capps,"Venmo for iPhone",1
2534942714353418324,2532442674036736837,SPinto46,"Venmo for iPhone",1
2534955366983139466,1761341291364352560,jenndoe,"Venmo for Android",4
2534958162629362333,1844683428855808963,Jake-Foraker,"Venmo for iPhone",1
2534964259125723186,2330091480678400129,Ms-Deploy,"Venmo for iPhone",1
2534976186920993433,2330091480678400129,Ms-Deploy,"Venmo for Android",4
2535004543914082627,1437133621428224961,tiffany-johnson-6,"Venmo for Android",4
